-- Clear existing data
DELETE FROM switch;
DELETE FROM floor;
DELETE FROM site;

-- Insert sites
INSERT INTO site (id, name) VALUES (1, 'Jollibee Tower');
INSERT INTO site (id, name) VALUES (2, 'SM Aura');
INSERT INTO site (id, name) VALUES (3, 'Cebu Lexmark');
INSERT INTO site (id, name) VALUES (4, 'VCORP');
INSERT INTO site (id, name) VALUES (5, 'Arthaland');
INSERT INTO site (id, name) VALUES (6, 'CEBU');
INSERT INTO site (id, name) VALUES (7, 'CEBUHM');
INSERT INTO site (id, name) VALUES (8, 'CEBU SKYRISE3B');
INSERT INTO site (id, name) VALUES (9, 'AXIS');
INSERT INTO site (id, name) VALUES (10, 'Uptown');
INSERT INTO site (id, name) VALUES (11, 'Cyber Sigma');
INSERT INTO site (id, name) VALUES (12, '5ECOM');
INSERT INTO site (id, name) VALUES (13, 'Sheridan');
INSERT INTO site (id, name) VALUES (14, 'SM North');
INSERT INTO site (id, name) VALUES (15, 'ZETA');
INSERT INTO site (id, name) VALUES (16, 'GAMMA');
INSERT INTO site (id, name) VALUES (17, 'Frabelle');
INSERT INTO site (id, name) VALUES (18, 'FourNeo');
INSERT INTO site (id, name) VALUES (19, 'One West Aeropark');
INSERT INTO site (id, name) VALUES (20, 'RBCT1');
INSERT INTO site (id, name) VALUES (21, 'One-Griffinstone');
INSERT INTO site (id, name) VALUES (22, 'Podium');
INSERT INTO site (id, name) VALUES (23, 'Armstrong');
INSERT INTO site (id, name) VALUES (24, 'One Ayala Tower');
INSERT INTO site (id, name) VALUES (25, 'One Ayala Mall');
INSERT INTO site (id, name) VALUES (26, 'Picadilly Star');
INSERT INTO site (id, name) VALUES (27, 'PBCOM');
INSERT INTO site (id, name) VALUES (30, 'TEST SITE 1');
INSERT INTO site (id, name) VALUES (31, 'TEST JANZEN');
INSERT INTO site (id, name) VALUES (34, 'TEST SITE V2');
INSERT INTO site (id, name) VALUES (35, 'test2');

-- Insert floors
INSERT INTO floor (id, name, site_id) VALUES (1, '15', 1);
INSERT INTO floor (id, name, site_id) VALUES (2, '16', 1);
INSERT INTO floor (id, name, site_id) VALUES (3, '14', 1);
INSERT INTO floor (id, name, site_id) VALUES (4, '17', 1);
INSERT INTO floor (id, name, site_id) VALUES (5, '11', 2);
INSERT INTO floor (id, name, site_id) VALUES (6, '2', 3);
INSERT INTO floor (id, name, site_id) VALUES (7, '9', 4);
INSERT INTO floor (id, name, site_id) VALUES (8, '5', 4);
INSERT INTO floor (id, name, site_id) VALUES (9, '10', 5);
INSERT INTO floor (id, name, site_id) VALUES (10, '20', 5);
INSERT INTO floor (id, name, site_id) VALUES (11, '18', 6);
INSERT INTO floor (id, name, site_id) VALUES (12, '16', 6);
INSERT INTO floor (id, name, site_id) VALUES (13, '17', 6);
INSERT INTO floor (id, name, site_id) VALUES (14, '10', 6);
INSERT INTO floor (id, name, site_id) VALUES (15, '15', 7);
INSERT INTO floor (id, name, site_id) VALUES (16, '18', 8);
INSERT INTO floor (id, name, site_id) VALUES (17, '24', 9);
INSERT INTO floor (id, name, site_id) VALUES (18, '26', 9);
INSERT INTO floor (id, name, site_id) VALUES (19, '19', 10);
INSERT INTO floor (id, name, site_id) VALUES (20, '20', 10);
INSERT INTO floor (id, name, site_id) VALUES (21, '20', 11);
INSERT INTO floor (id, name, site_id) VALUES (22, '19', 11);
INSERT INTO floor (id, name, site_id) VALUES (23, '12', 12);
INSERT INTO floor (id, name, site_id) VALUES (24, '10', 13);
INSERT INTO floor (id, name, site_id) VALUES (25, '15', 14);
INSERT INTO floor (id, name, site_id) VALUES (26, '16', 14);
INSERT INTO floor (id, name, site_id) VALUES (27, '7', 15);
INSERT INTO floor (id, name, site_id) VALUES (28, '8', 15);
INSERT INTO floor (id, name, site_id) VALUES (29, '9', 15);
INSERT INTO floor (id, name, site_id) VALUES (30, '15', 16);
INSERT INTO floor (id, name, site_id) VALUES (31, '16', 16);
INSERT INTO floor (id, name, site_id) VALUES (32, '27', 16);
INSERT INTO floor (id, name, site_id) VALUES (33, '28', 16);
INSERT INTO floor (id, name, site_id) VALUES (34, '29', 16);
INSERT INTO floor (id, name, site_id) VALUES (35, '18', 17);
INSERT INTO floor (id, name, site_id) VALUES (36, '17', 17);
INSERT INTO floor (id, name, site_id) VALUES (37, '12', 18);
INSERT INTO floor (id, name, site_id) VALUES (38, '11', 18);
INSERT INTO floor (id, name, site_id) VALUES (39, '5', 19);
INSERT INTO floor (id, name, site_id) VALUES (40, 'PH', 19);
INSERT INTO floor (id, name, site_id) VALUES (41, '6', 20);
INSERT INTO floor (id, name, site_id) VALUES (42, '9', 21);
INSERT INTO floor (id, name, site_id) VALUES (43, '10', 21);
INSERT INTO floor (id, name, site_id) VALUES (44, '26', 22);
INSERT INTO floor (id, name, site_id) VALUES (45, '27', 22);
INSERT INTO floor (id, name, site_id) VALUES (46, '7', 23);
INSERT INTO floor (id, name, site_id) VALUES (47, '10', 23);
INSERT INTO floor (id, name, site_id) VALUES (48, 'GF', 23);
INSERT INTO floor (id, name, site_id) VALUES (49, '8', 23);
INSERT INTO floor (id, name, site_id) VALUES (50, '9', 23);
INSERT INTO floor (id, name, site_id) VALUES (51, '11', 23);
INSERT INTO floor (id, name, site_id) VALUES (52, '12', 23);
INSERT INTO floor (id, name, site_id) VALUES (53, '14', 23);
INSERT INTO floor (id, name, site_id) VALUES (54, '15', 23);
INSERT INTO floor (id, name, site_id) VALUES (55, '6', 24);
INSERT INTO floor (id, name, site_id) VALUES (56, '7', 24);
INSERT INTO floor (id, name, site_id) VALUES (57, '8', 24);
INSERT INTO floor (id, name, site_id) VALUES (58, '9', 24);
INSERT INTO floor (id, name, site_id) VALUES (59, '10', 24);
INSERT INTO floor (id, name, site_id) VALUES (60, '11', 24);
INSERT INTO floor (id, name, site_id) VALUES (61, '4', 25);
INSERT INTO floor (id, name, site_id) VALUES (62, '5', 25);
INSERT INTO floor (id, name, site_id) VALUES (63, '20', 26);
INSERT INTO floor (id, name, site_id) VALUES (64, '25', 26);
INSERT INTO floor (id, name, site_id) VALUES (65, '24', 26);
INSERT INTO floor (id, name, site_id) VALUES (66, '33', 27);
INSERT INTO floor (id, name, site_id) VALUES (71, '1', 30);
INSERT INTO floor (id, name, site_id) VALUES (74, '1', 31);
INSERT INTO floor (id, name, site_id) VALUES (75, '12', 34);

-- Insert switches
INSERT INTO switch (id, name, ip_address, model, description, enabled, floor_id) VALUES (1, 'JLB-F15-R1-VAS-01', '10.45.0.10', 'Dell N3248P', 'JLB Site - JLB-F15-R1-VAS-01 (Floor 15)', false, 1);
INSERT INTO switch (id, name, ip_address, model, description, enabled, floor_id) VALUES (2, 'JLB-F15-R1-VAS-02', '10.45.0.11', 'Dell N2048', 'JLB Site - JLB-F15-R1-VAS-02 (Floor 15)', true, 1);
INSERT INTO switch (id, name, ip_address, model, description, enabled, floor_id) VALUES (3, 'JLB-F15-C1-VAS-03', '10.45.0.12', 'Dell N2048', 'JLB Site - JLB-F15-C1-VAS-03 (Floor 15)', true, 1);
INSERT INTO switch (id, name, ip_address, model, description, enabled, floor_id) VALUES (4, 'JLB-F16-C2-VAS-04', '10.45.0.13', 'Dell N2048', 'JLB Site - JLB-F16-C2-VAS-04 (Floor 16)', true, 2);
INSERT INTO switch (id, name, ip_address, model, description, enabled, floor_id) VALUES (5, 'JLB-F16-C3-VAS-05', '10.45.0.14', 'Dell N2048', 'JLB Site - JLB-F16-C3-VAS-05 (Floor 16)', true, 2);
INSERT INTO switch (id, name, ip_address, model, description, enabled, floor_id) VALUES (6, 'JLB-F14-C1-AS-01', '10.45.0.8', 'Dell N3248', 'JLB Site - JLB-F14-C1-AS-01 (Floor 14)', true, 3);
INSERT INTO switch (id, name, ip_address, model, description, enabled, floor_id) VALUES (7, 'JLB-F14-R1-AS-02', '10.45.0.9', 'Dell N3248', 'JLB Site - JLB-F14-R1-AS-02 (Floor 14)', true, 3);
INSERT INTO switch (id, name, ip_address, model, description, enabled, floor_id) VALUES (8, 'JLB-F17-C1-AS-01', '10.45.0.17', 'Dell N3248', 'JLB Site - JLB-F17-C1-AS-01 (Floor 17)', true, 4);
INSERT INTO switch (id, name, ip_address, model, description, enabled, floor_id) VALUES (9, 'JLB-F17-R1-AS-02', '10.45.0.18', 'Dell N3248PXE', 'JLB Site - JLB-F17-R1-AS-02 (Floor 17)', true, 4);
INSERT INTO switch (id, name, ip_address, model, description, enabled, floor_id) VALUES (10, 'SMA-F11-R1-VAS-01', '10.50.0.10', 'Dell N2048', 'SMA Site - SMA-F11-R1-VAS-01 (Floor 11)', true, 5);
INSERT INTO switch (id, name, ip_address, model, description, enabled, floor_id) VALUES (11, 'SMA-F11-R2-DAS-01', '10.50.0.11', 'Dell N2048', 'SMA Site - SMA-F11-R2-DAS-01 (Floor 11)', true, 5);
INSERT INTO switch (id, name, ip_address, model, description, enabled, floor_id) VALUES (12, 'SMA-F11-R4-VAS-03', '10.50.0.13', 'Dell N2048', 'SMA Site - SMA-F11-R4-VAS-03 (Floor 11)', true, 5);
INSERT INTO switch (id, name, ip_address, model, description, enabled, floor_id) VALUES (13, 'SMA-F11-R2-VAS-04', '10.50.0.14', 'Dell N2048', 'SMA Site - SMA-F11-R2-VAS-04 (Floor 11)', true, 5);
INSERT INTO switch (id, name, ip_address, model, description, enabled, floor_id) VALUES (14, 'CEBULEX-F2-C1-VAS-01', '10.55.0.11', 'Dell N2048', 'CEBULEX Site - CEBULEX-F2-C1-VAS-01 (Floor 2)', true, 6);
INSERT INTO switch (id, name, ip_address, model, description, enabled, floor_id) VALUES (15, 'VCORP-F9-R1Hub-DVAS-05', '10.60.0.3', 'Dell N2048', 'VCORP Site - VCORP-F9-R1Hub-DVAS-05 (Floor 9)', true, 7);
INSERT INTO switch (id, name, ip_address, model, description, enabled, floor_id) VALUES (16, 'VCORP-F9-R2-DVAS-04', '10.60.0.12', 'Dell N2048', 'VCORP Site - VCORP-F9-R2-DVAS-04 (Floor 9)', true, 7);
INSERT INTO switch (id, name, ip_address, model, description, enabled, floor_id) VALUES (17, 'VCORP-F9-R3-VAS-04', '10.60.0.13', 'Dell N3248', 'VCORP Site - VCORP-F9-R3-VAS-04 (Floor 9)', true, 7);
INSERT INTO switch (id, name, ip_address, model, description, enabled, floor_id) VALUES (18, 'VCORP-F5-R5-DVAS-01', '10.60.0.6', 'Dell N3248', 'VCORP Site - VCORP-F5-R5-DVAS-01 (Floor 5)', true, 8);
INSERT INTO switch (id, name, ip_address, model, description, enabled, floor_id) VALUES (19, 'VCORP-F5-R4-DVAS-02', '10.60.0.7', 'Dell N3000', 'VCORP Site - VCORP-F5-R4-DVAS-02 (Floor 5)', true, 8);
INSERT INTO switch (id, name, ip_address, model, description, enabled, floor_id) VALUES (20, 'VCORP-F5-R4_5-VAS-01', '10.60.0.8', 'Dell N2048', 'VCORP Site - VCORP-F5-R4_5-VAS-01 (Floor 5)', true, 8);
INSERT INTO switch (id, name, ip_address, model, description, enabled, floor_id) VALUES (21, 'VCORP-F5-R3-VAS-02', '10.60.0.9', 'Dell N2048', 'VCORP Site - VCORP-F5-R3-VAS-02 (Floor 5)', true, 8);
INSERT INTO switch (id, name, ip_address, model, description, enabled, floor_id) VALUES (22, 'VCORP-F5-R2-DVAS-03', '10.60.0.10', 'Dell N3000', 'VCORP Site - VCORP-F5-R2-DVAS-03 (Floor 5)', true, 8);
INSERT INTO switch (id, name, ip_address, model, description, enabled, floor_id) VALUES (23, 'VCORP-F5-R1-DS', '10.60.0.11', 'Dell N3248', 'VCORP Site - VCORP-F5-R1-DS (Floor 5)', true, 8);
INSERT INTO switch (id, name, ip_address, model, description, enabled, floor_id) VALUES (24, 'ARTHA-F10-C2-VAS-01', '10.75.0.10', 'Dell N2048', 'ARTHA Site - ARTHA-F10-C2-VAS-01 (Floor 10)', true, 9);
INSERT INTO switch (id, name, ip_address, model, description, enabled, floor_id) VALUES (25, 'ARTHA-F10-C1-VAS-02', '10.75.0.11', 'Dell N2048', 'ARTHA Site - ARTHA-F10-C1-VAS-02 (Floor 10)', true, 9);
INSERT INTO switch (id, name, ip_address, model, description, enabled, floor_id) VALUES (26, 'ARTHA-F20-C1-VAS-03', '10.75.0.12', 'Dell N2048', 'ARTHA Site - ARTHA-F20-C1-VAS-03 (Floor 20)', true, 10);
INSERT INTO switch (id, name, ip_address, model, description, enabled, floor_id) VALUES (27, 'CEBU-F18-R2-DAS-01', '10.80.0.3', 'Dell N2048', 'CEBU Site - CEBU-F18-R2-DAS-01 (Floor 18)', true, 11);
INSERT INTO switch (id, name, ip_address, model, description, enabled, floor_id) VALUES (28, 'CEBU-F18-C2-VAS-08', '10.80.0.13', 'Dell N2048', 'CEBU Site - CEBU-F18-C2-VAS-08 (Floor 18)', true, 11);
INSERT INTO switch (id, name, ip_address, model, description, enabled, floor_id) VALUES (29, 'CEBU-F16-C1-VAS-02', '10.80.0.7', 'Dell N2048', 'CEBU Site - CEBU-F16-C1-VAS-02 (Floor 16)', true, 12);
INSERT INTO switch (id, name, ip_address, model, description, enabled, floor_id) VALUES (30, 'CEBU-F16-R2-VAS-03', '10.80.0.8', 'Dell N2048', 'CEBU Site - CEBU-F16-R2-VAS-03 (Floor 16)', true, 12);
INSERT INTO switch (id, name, ip_address, model, description, enabled, floor_id) VALUES (31, 'CEBU-F16-R4-VAS-04', '10.80.0.9', 'Dell N2048', 'CEBU Site - CEBU-F16-R4-VAS-04 (Floor 16)', true, 12);
INSERT INTO switch (id, name, ip_address, model, description, enabled, floor_id) VALUES (32, 'CEBU-F17-C1-VAS-05', '10.80.0.10', 'Dell N2048', 'CEBU Site - CEBU-F17-C1-VAS-05 (Floor 17)', true, 13);
INSERT INTO switch (id, name, ip_address, model, description, enabled, floor_id) VALUES (33, 'CEBU-F17-R2-VAS-06', '10.80.0.11', 'Dell N2048', 'CEBU Site - CEBU-F17-R2-VAS-06 (Floor 17)', true, 13);
INSERT INTO switch (id, name, ip_address, model, description, enabled, floor_id) VALUES (34, 'CEBU-F17-R4-VAS-07', '10.80.0.12', 'Dell N2048', 'CEBU Site - CEBU-F17-R4-VAS-07 (Floor 17)', true, 13);
INSERT INTO switch (id, name, ip_address, model, description, enabled, floor_id) VALUES (35, 'CEBU-F17-R1-AS-01', '10.80.0.31', 'Dell N3248', 'CEBU Site - CEBU-F17-R1-AS-01 (Floor 17)', true, 13);
INSERT INTO switch (id, name, ip_address, model, description, enabled, floor_id) VALUES (36, 'CEBU-F10-C1-VAS-09', '10.80.0.26', 'Dell N2048', 'CEBU Site - CEBU-F10-C1-VAS-09 (Floor 10)', true, 14);
INSERT INTO switch (id, name, ip_address, model, description, enabled, floor_id) VALUES (37, 'CEBU-F10-C1-VAS-10', '10.80.0.27', 'Dell N2048', 'CEBU Site - CEBU-F10-C1-VAS-10 (Floor 10)', true, 14);
INSERT INTO switch (id, name, ip_address, model, description, enabled, floor_id) VALUES (38, 'CEBUHM-F15-C1-VAS-01', '10.80.0.17', 'Dell N2048', 'CEBUHM Site - CEBUHM-F15-C1-VAS-01 (Floor 15)', true, 15);
INSERT INTO switch (id, name, ip_address, model, description, enabled, floor_id) VALUES (39, 'CEBUHM-F15-C1-VAS-02', '10.80.0.18', 'Dell N2048', 'CEBUHM Site - CEBUHM-F15-C1-VAS-02 (Floor 15)', true, 15);
INSERT INTO switch (id, name, ip_address, model, description, enabled, floor_id) VALUES (40, 'SKYRISE3B-F18-AS-01', '10.83.0.10', 'Dell N3248', 'SKYRISE3B Site - SKYRISE3B-F18-AS-01 (Floor 18)', true, 16);
INSERT INTO switch (id, name, ip_address, model, description, enabled, floor_id) VALUES (41, 'SKYRISE3B-F18-AS-02', '10.83.0.11', 'Dell N3248', 'SKYRISE3B Site - SKYRISE3B-F18-AS-02 (Floor 18)', true, 16);
INSERT INTO switch (id, name, ip_address, model, description, enabled, floor_id) VALUES (42, 'AXIS-F24-R1-AS-01', '10.85.0.10', 'Dell N2048', 'AXIS Site - AXIS-F24-R1-AS-01 (Floor 24)', true, 17);
INSERT INTO switch (id, name, ip_address, model, description, enabled, floor_id) VALUES (43, 'AXIS-F24-R2-AS-02', '10.85.0.11', 'Dell N2048', 'AXIS Site - AXIS-F24-R2-AS-02 (Floor 24)', true, 17);
INSERT INTO switch (id, name, ip_address, model, description, enabled, floor_id) VALUES (44, 'AXIS-26F-R1-AS-03', '10.85.0.12', 'Dell N2048', 'AXIS Site - AXIS-26F-R1-AS-03 (Floor 26)', true, 18);
INSERT INTO switch (id, name, ip_address, model, description, enabled, floor_id) VALUES (45, 'AXIS-26F-R2-AS-04', '10.85.0.13', 'Dell N2048', 'AXIS Site - AXIS-26F-R2-AS-04 (Floor 26)', true, 18);
INSERT INTO switch (id, name, ip_address, model, description, enabled, floor_id) VALUES (46, 'UPT-F19-R2-VAS-01', '10.90.0.10', 'Dell N2048', 'UPT Site - UPT-F19-R2-VAS-01 (Floor 19)', true, 19);
INSERT INTO switch (id, name, ip_address, model, description, enabled, floor_id) VALUES (47, 'UPT-F19-R3-VAS-02', '10.90.0.11', 'Dell N2048', 'UPT Site - UPT-F19-R3-VAS-02 (Floor 19)', true, 19);
INSERT INTO switch (id, name, ip_address, model, description, enabled, floor_id) VALUES (48, 'UPT-F19-R2-VAS-03', '10.90.0.12', 'Dell N2048', 'UPT Site - UPT-F19-R2-VAS-03 (Floor 19)', true, 19);
INSERT INTO switch (id, name, ip_address, model, description, enabled, floor_id) VALUES (49, 'UPT-F19-R3-VAS-04', '10.90.0.13', 'Dell N2048', 'UPT Site - UPT-F19-R3-VAS-04 (Floor 19)', true, 19);
INSERT INTO switch (id, name, ip_address, model, description, enabled, floor_id) VALUES (50, 'UPT-F19-C1-DAS-01', '10.90.0.19', 'Dell N2048', 'UPT Site - UPT-F19-C1-DAS-01 (Floor 19)', true, 19);
INSERT INTO switch (id, name, ip_address, model, description, enabled, floor_id) VALUES (51, 'UPT-F20-C2-VAS-06', '10.90.0.14', 'Dell N2048', 'UPT Site - UPT-F20-C2-VAS-06 (Floor 20)', true, 20);
INSERT INTO switch (id, name, ip_address, model, description, enabled, floor_id) VALUES (52, 'UPT-F20-R1-VAS-07', '10.90.0.15', 'Dell N2048', 'UPT Site - UPT-F20-R1-VAS-07 (Floor 20)', true, 20);
INSERT INTO switch (id, name, ip_address, model, description, enabled, floor_id) VALUES (53, 'UPT-F20-R3-DVAS-01', '10.90.0.16', 'Dell N2048', 'UPT Site - UPT-F20-R3-DVAS-01 (Floor 20)', true, 20);
INSERT INTO switch (id, name, ip_address, model, description, enabled, floor_id) VALUES (54, 'UPT-F20-R2-VAS-08', '10.90.0.17', 'Dell N2048', 'UPT Site - UPT-F20-R2-VAS-08 (Floor 20)', true, 20);
INSERT INTO switch (id, name, ip_address, model, description, enabled, floor_id) VALUES (55, 'UPT-F20-R4-DVAS-02', '10.90.0.18', 'Dell N2048', 'UPT Site - UPT-F20-R4-DVAS-02 (Floor 20)', true, 20);
INSERT INTO switch (id, name, ip_address, model, description, enabled, floor_id) VALUES (56, 'SIGMA-S20-R2-AS-01', '10.100.0.6', 'Dell N2048', 'SIGMA Site - SIGMA-S20-R2-AS-01 (Floor 20)', true, 21);
INSERT INTO switch (id, name, ip_address, model, description, enabled, floor_id) VALUES (57, 'SIGMA-F20-R4-VAS-02', '10.100.0.8', 'Dell N2048', 'SIGMA Site - SIGMA-F20-R4-VAS-02 (Floor 20)', true, 21);
INSERT INTO switch (id, name, ip_address, model, description, enabled, floor_id) VALUES (58, 'SIGMA-F20-R6HUB-AS-03', '10.100.0.10', 'Dell N2048', 'SIGMA Site - SIGMA-F20-R6HUB-AS-03 (Floor 20)', true, 21);
INSERT INTO switch (id, name, ip_address, model, description, enabled, floor_id) VALUES (59, 'SIGMA-F19-R2-VAS-05', '10.100.0.15', 'Dell N2048', 'SIGMA Site - SIGMA-F19-R2-VAS-05 (Floor 19)', true, 22);
INSERT INTO switch (id, name, ip_address, model, description, enabled, floor_id) VALUES (60, 'SIGMA-F19-R4-VAS-06', '10.100.0.17', 'Dell N2048', 'SIGMA Site - SIGMA-F19-R4-VAS-06 (Floor 19)', true, 22);
INSERT INTO switch (id, name, ip_address, model, description, enabled, floor_id) VALUES (61, 'SIGMA-F19-R6HUB-VAS-07', '10.100.0.19', 'Dell N2048', 'SIGMA Site - SIGMA-F19-R6HUB-VAS-07 (Floor 19)', true, 22);
INSERT INTO switch (id, name, ip_address, model, description, enabled, floor_id) VALUES (62, '5ECOM-F12-C2-VAS-01', '10.105.0.10', 'Dell N2048', '5ECOM Site - 5ECOM-F12-C2-VAS-01 (Floor 12)', true, 23);
INSERT INTO switch (id, name, ip_address, model, description, enabled, floor_id) VALUES (63, '5ECOM-F12-C3-DVAS-02', '10.105.0.11', 'Dell N3000', '5ECOM Site - 5ECOM-F12-C3-DVAS-02 (Floor 12)', true, 23);
INSERT INTO switch (id, name, ip_address, model, description, enabled, floor_id) VALUES (64, 'SRD-F10-R1-VAS-02', '10.110.0.10', 'Dell N3000', 'SRD Site - SRD-F10-R1-VAS-02 (Floor 10)', true, 24);
INSERT INTO switch (id, name, ip_address, model, description, enabled, floor_id) VALUES (65, 'SRD-F10-R1-VAS-01', '10.110.0.11', 'Dell N3000', 'SRD Site - SRD-F10-R1-VAS-01 (Floor 10)', true, 24);
INSERT INTO switch (id, name, ip_address, model, description, enabled, floor_id) VALUES (66, 'SRD-F10-R2-VAS-04', '10.110.0.12', 'Dell N3000', 'SRD Site - SRD-F10-R2-VAS-04 (Floor 10)', true, 24);
INSERT INTO switch (id, name, ip_address, model, description, enabled, floor_id) VALUES (67, 'SMNE-F15-R1-AS-01', '10.115.0.10', 'Dell N3000', 'SMNE Site - SMNE-F15-R1-AS-01 (Floor 15)', true, 25);
INSERT INTO switch (id, name, ip_address, model, description, enabled, floor_id) VALUES (68, 'SMNE-F15-R2-AS-02', '10.115.0.11', 'Dell N3000', 'SMNE Site - SMNE-F15-R2-AS-02 (Floor 15)', true, 25);
INSERT INTO switch (id, name, ip_address, model, description, enabled, floor_id) VALUES (69, 'SMNE-F16-R1-AS-03', '10.115.0.12', 'Dell N3248PXE', 'SMNE Site - SMNE-F16-R1-AS-03 (Floor 16)', true, 26);
INSERT INTO switch (id, name, ip_address, model, description, enabled, floor_id) VALUES (70, 'SMNE-F16-R2-AS-04', '10.115.0.13', 'Dell N3248PXE', 'SMNE Site - SMNE-F16-R2-AS-04 (Floor 16)', true, 26);
INSERT INTO switch (id, name, ip_address, model, description, enabled, floor_id) VALUES (71, 'ZETA-F7-R1-VAS-01', '10.120.0.10', 'Dell N3000', 'ZETA Site - ZETA-F7-R1-VAS-01 (Floor 7)', true, 27);
INSERT INTO switch (id, name, ip_address, model, description, enabled, floor_id) VALUES (72, 'ZETA-F7-R2-VAS-02', '10.120.0.11', 'Dell N3000', 'ZETA Site - ZETA-F7-R2-VAS-02 (Floor 7)', true, 27);
INSERT INTO switch (id, name, ip_address, model, description, enabled, floor_id) VALUES (73, 'ZETA-F7-R2-VAS-07', '10.120.0.17', 'Dell N3000', 'ZETA Site - ZETA-F7-R2-VAS-07 (Floor 7)', true, 27);
INSERT INTO switch (id, name, ip_address, model, description, enabled, floor_id) VALUES (74, 'ZETA-F8-R1-VAS-03', '10.120.0.12', 'Dell N3000', 'ZETA Site - ZETA-F8-R1-VAS-03 (Floor 8)', true, 28);
INSERT INTO switch (id, name, ip_address, model, description, enabled, floor_id) VALUES (75, 'ZETA-F8-C2-VAS-04', '10.120.0.13', 'Dell N3000', 'ZETA Site - ZETA-F8-C2-VAS-04 (Floor 8)', true, 28);
INSERT INTO switch (id, name, ip_address, model, description, enabled, floor_id) VALUES (76, 'ZETA-F8-R2-VAS-05', '10.120.0.16', 'Dell N3000', 'ZETA Site - ZETA-F8-R2-VAS-05 (Floor 8)', true, 28);
INSERT INTO switch (id, name, ip_address, model, description, enabled, floor_id) VALUES (77, 'ZETA-F9-R1-VAS-06', '10.120.0.14', 'Dell N3000', 'ZETA Site - ZETA-F9-R1-VAS-06 (Floor 9)', true, 29);
INSERT INTO switch (id, name, ip_address, model, description, enabled, floor_id) VALUES (78, 'GAMMA-F15-C1-VAS-01', '10.130.0.11', 'Dell N3000', 'GAMMA Site - GAMMA-F15-C1-VAS-01 (Floor 15)', true, 30);
INSERT INTO switch (id, name, ip_address, model, description, enabled, floor_id) VALUES (79, 'GAMMA-F15-R1_R2-VAS-02', '10.130.0.12', 'Dell N3000', 'GAMMA Site - GAMMA-F15-R1_R2-VAS-02 (Floor 15)', true, 30);
INSERT INTO switch (id, name, ip_address, model, description, enabled, floor_id) VALUES (80, 'GAMMA-F16-C1-VAS-03', '10.130.0.13', 'Dell N3000', 'GAMMA Site - GAMMA-F16-C1-VAS-03 (Floor 16)', true, 31);
INSERT INTO switch (id, name, ip_address, model, description, enabled, floor_id) VALUES (81, 'GAMMA-F16-R1_R2-VAS-04', '10.130.0.14', 'Dell N3000', 'GAMMA Site - GAMMA-F16-R1_R2-VAS-04 (Floor 16)', true, 31);
INSERT INTO switch (id, name, ip_address, model, description, enabled, floor_id) VALUES (82, 'GAMMA-F27-C1-VAS-05', '10.130.0.15', 'Dell N3000', 'GAMMA Site - GAMMA-F27-C1-VAS-05 (Floor 27)', true, 32);
INSERT INTO switch (id, name, ip_address, model, description, enabled, floor_id) VALUES (83, 'GAMMA-F27-R1_R2-VAS-06', '10.130.0.16', 'Dell N3000', 'GAMMA Site - GAMMA-F27-R1_R2-VAS-06 (Floor 27)', true, 32);
INSERT INTO switch (id, name, ip_address, model, description, enabled, floor_id) VALUES (84, 'GAMMA-F27-R3-DAS-01', '10.130.0.21', 'Dell N3000', 'GAMMA Site - GAMMA-F27-R3-DAS-01 (Floor 27)', true, 32);
INSERT INTO switch (id, name, ip_address, model, description, enabled, floor_id) VALUES (85, 'GAMMA-F28-C1-VAS-07', '10.130.0.17', 'Dell N3000', 'GAMMA Site - GAMMA-F28-C1-VAS-07 (Floor 28)', true, 33);
INSERT INTO switch (id, name, ip_address, model, description, enabled, floor_id) VALUES (86, 'GAMMA-F28-R1_R2-VAS-08', '10.130.0.18', 'Dell N3000', 'GAMMA Site - GAMMA-F28-R1_R2-VAS-08 (Floor 28)', true, 33);
INSERT INTO switch (id, name, ip_address, model, description, enabled, floor_id) VALUES (87, 'GAMMA-F29-C1-VAS-09', '10.130.0.19', 'Dell N3000', 'GAMMA Site - GAMMA-F29-C1-VAS-09 (Floor 29)', true, 34);
INSERT INTO switch (id, name, ip_address, model, description, enabled, floor_id) VALUES (88, 'GAMMA-F29-R1_R2-VAS-10', '10.130.0.20', 'Dell N3000', 'GAMMA Site - GAMMA-F29-R1_R2-VAS-10 (Floor 29)', true, 34);
INSERT INTO switch (id, name, ip_address, model, description, enabled, floor_id) VALUES (89, 'FRAB-F18-C2-VAS-01', '10.140.0.6', 'Dell N3000', 'FRAB Site - FRAB-F18-C2-VAS-01 (Floor 18)', true, 35);
INSERT INTO switch (id, name, ip_address, model, description, enabled, floor_id) VALUES (90, 'FRAB-F18-C3-VAS-02', '10.140.0.7', 'Dell N3000', 'FRAB Site - FRAB-F18-C3-VAS-02 (Floor 18)', true, 35);
INSERT INTO switch (id, name, ip_address, model, description, enabled, floor_id) VALUES (91, 'FRAB-F18-C1-VAS-04', '10.140.0.8', 'Dell N3000', 'FRAB Site - FRAB-F18-C1-VAS-04 (Floor 18)', true, 35);
INSERT INTO switch (id, name, ip_address, model, description, enabled, floor_id) VALUES (92, 'FRAB-F17-C2-VAS-03', '10.140.0.11', 'Dell N3000', 'FRAB Site - FRAB-F17-C2-VAS-03 (Floor 17)', true, 36);
INSERT INTO switch (id, name, ip_address, model, description, enabled, floor_id) VALUES (93, 'NEO-F12-C2South-DAS-01', '10.150.0.10', 'Dell N3000', 'NEO Site - NEO-F12-C2South-DAS-01 (Floor 12)', true, 37);
INSERT INTO switch (id, name, ip_address, model, description, enabled, floor_id) VALUES (94, 'NEO-F12-C1South-VAS-01', '10.150.0.11', 'Dell N3000', 'NEO Site - NEO-F12-C1South-VAS-01 (Floor 12)', true, 37);
INSERT INTO switch (id, name, ip_address, model, description, enabled, floor_id) VALUES (95, 'NEO-F12-C2North-VAS-02', '10.150.0.12', 'Dell N3000', 'NEO Site - NEO-F12-C2North-VAS-02 (Floor 12)', true, 37);
INSERT INTO switch (id, name, ip_address, model, description, enabled, floor_id) VALUES (96, 'NEO-F12-C1North-VAS-03', '10.150.0.13', 'Dell N3000', 'NEO Site - NEO-F12-C1North-VAS-03 (Floor 12)', true, 37);
INSERT INTO switch (id, name, ip_address, model, description, enabled, floor_id) VALUES (97, 'NEO-F12-C3South-VAS-07', '10.150.0.19', 'Dell N3000', 'NEO Site - NEO-F12-C3South-VAS-07 (Floor 12)', true, 37);
INSERT INTO switch (id, name, ip_address, model, description, enabled, floor_id) VALUES (98, 'NEO-F11-C2South-VAS-08', '10.150.0.14', 'Dell N3248', 'NEO Site - NEO-F11-C2South-VAS-08 (Floor 11)', true, 38);
INSERT INTO switch (id, name, ip_address, model, description, enabled, floor_id) VALUES (99, 'NEO-F11-C1North-VAS-04', '10.150.0.15', 'Dell N3000', 'NEO Site - NEO-F11-C1North-VAS-04 (Floor 11)', true, 38);
INSERT INTO switch (id, name, ip_address, model, description, enabled, floor_id) VALUES (100, 'NEO-F11-C1North-VAS-06', '10.150.0.16', 'Dell N3248', 'NEO Site - NEO-F11-C1North-VAS-06 (Floor 11)', true, 38);
INSERT INTO switch (id, name, ip_address, model, description, enabled, floor_id) VALUES (101, 'NEO-F11-C1South-VAS-05', '10.150.0.17', 'Dell N3000', 'NEO Site - NEO-F11-C1South-VAS-05 (Floor 11)', true, 38);
INSERT INTO switch (id, name, ip_address, model, description, enabled, floor_id) VALUES (102, 'NEO-F11-C2South-VAS-06', '10.150.0.18', 'Dell N3000', 'NEO Site - NEO-F11-C2South-VAS-06 (Floor 11)', true, 38);
INSERT INTO switch (id, name, ip_address, model, description, enabled, floor_id) VALUES (103, 'OWA-F5-R1-VAS-01', '10.160.0.3', 'Dell N3000', 'OWA Site - OWA-F5-R1-VAS-01 (Floor 5)', true, 39);
INSERT INTO switch (id, name, ip_address, model, description, enabled, floor_id) VALUES (104, 'OWA-F5-R2-VAS-02', '10.160.0.4', 'Dell N3000', 'OWA Site - OWA-F5-R2-VAS-02 (Floor 5)', true, 39);
INSERT INTO switch (id, name, ip_address, model, description, enabled, floor_id) VALUES (105, 'OWA-F5-R1HUB-VAS-03', '10.160.0.5', 'Dell N3000', 'OWA Site - OWA-F5-R1HUB-VAS-03 (Floor 5)', true, 39);
INSERT INTO switch (id, name, ip_address, model, description, enabled, floor_id) VALUES (106, 'OWA-PH-R1-VAS-04', '10.160.0.6', 'Dell N3000', 'OWA Site - OWA-PH-R1-VAS-04 (Floor PH)', true, 40);
INSERT INTO switch (id, name, ip_address, model, description, enabled, floor_id) VALUES (107, 'RBCT1-F6-R1-DVAS-01', '10.165.0.10', 'Dell N3000', 'RBCT1 Site - RBCT1-F6-R1-DVAS-01 (Floor 6)', true, 41);
INSERT INTO switch (id, name, ip_address, model, description, enabled, floor_id) VALUES (108, 'RBCT1-F6-R2-DVAS-02', '10.165.0.11', 'Dell N3000', 'RBCT1 Site - RBCT1-F6-R2-DVAS-02 (Floor 6)', true, 41);
INSERT INTO switch (id, name, ip_address, model, description, enabled, floor_id) VALUES (109, 'OG-F9-R1-DAS-01', '10.170.0.4', 'Dell N3000', 'OG Site - OG-F9-R1-DAS-01 (Floor 9)', true, 42);
INSERT INTO switch (id, name, ip_address, model, description, enabled, floor_id) VALUES (110, 'OG-F9-R2-VAS-01', '10.170.0.5', 'Dell N3000', 'OG Site - OG-F9-R2-VAS-01 (Floor 9)', true, 42);
INSERT INTO switch (id, name, ip_address, model, description, enabled, floor_id) VALUES (111, 'OG-F9-C2-VAS-02', '10.170.0.6', 'Dell N3000', 'OG Site - OG-F9-C2-VAS-02 (Floor 9)', true, 42);
INSERT INTO switch (id, name, ip_address, model, description, enabled, floor_id) VALUES (112, 'OG-F10-R1-DAS-01', '10.170.0.8', 'Dell N3000', 'OG Site - OG-F10-R1-DAS-01 (Floor 10)', true, 43);
INSERT INTO switch (id, name, ip_address, model, description, enabled, floor_id) VALUES (113, 'OG-F10-R2-VAS-01', '10.170.0.9', 'Dell N3000', 'OG Site - OG-F10-R2-VAS-01 (Floor 10)', true, 43);
INSERT INTO switch (id, name, ip_address, model, description, enabled, floor_id) VALUES (114, 'OG-F10-C1-VAS-02', '10.170.0.10', 'Dell N3000', 'OG Site - OG-F10-C1-VAS-02 (Floor 10)', true, 43);
INSERT INTO switch (id, name, ip_address, model, description, enabled, floor_id) VALUES (115, 'PDM-S26SR-C1-AS-01', '10.180.0.6', 'Dell N3000', 'PDM Site - PDM-S26SR-C1-AS-01 (Floor 26)', true, 44);
INSERT INTO switch (id, name, ip_address, model, description, enabled, floor_id) VALUES (116, 'PDM-F26HUB-R1-VAS-02', '10.180.0.7', 'Dell N3000', 'PDM Site - PDM-F26HUB-R1-VAS-02 (Floor 26)', true, 44);
INSERT INTO switch (id, name, ip_address, model, description, enabled, floor_id) VALUES (117, 'PDM-F26-C1-VAS-05', '10.180.0.10', 'Dell N3000', 'PDM Site - PDM-F26-C1-VAS-05 (Floor 26)', true, 44);
INSERT INTO switch (id, name, ip_address, model, description, enabled, floor_id) VALUES (118, 'PDM-F27-R1-VAS-03', '10.180.0.8', 'Dell N3000', 'PDM Site - PDM-F27-R1-VAS-03 (Floor 27)', true, 45);
INSERT INTO switch (id, name, ip_address, model, description, enabled, floor_id) VALUES (119, 'PDM-F27HUB-R1-VAS-04', '10.180.0.9', 'Dell N3000', 'PDM Site - PDM-F27HUB-R1-VAS-04 (Floor 27)', true, 45);
INSERT INTO switch (id, name, ip_address, model, description, enabled, floor_id) VALUES (120, 'PDM-F27-C1-VAS-06', '10.180.0.11', 'Dell N3000', 'PDM Site - PDM-F27-C1-VAS-06 (Floor 27)', true, 45);
INSERT INTO switch (id, name, ip_address, model, description, enabled, floor_id) VALUES (121, 'AC-F7-C1-VAS-02', '10.190.0.10', 'Dell N3000', 'AC Site - AC-F7-C1-VAS-02 (Floor 7)', true, 46);
INSERT INTO switch (id, name, ip_address, model, description, enabled, floor_id) VALUES (122, 'AC-F10-C1-VAS-05', '10.190.0.13', 'Dell N3000', 'AC Site - AC-F10-C1-VAS-05 (Floor 10)', true, 47);
INSERT INTO switch (id, name, ip_address, model, description, enabled, floor_id) VALUES (123, 'AC-GF-R1-VAS-01', '10.190.0.9', 'Dell N3000', 'AC Site - AC-GF-R1-VAS-01 (Floor GF)', true, 48);
INSERT INTO switch (id, name, ip_address, model, description, enabled, floor_id) VALUES (124, 'AC-F8-C1-VAS-03', '10.190.0.11', 'Dell N3000', 'AC Site - AC-F8-C1-VAS-03 (Floor 8)', true, 49);
INSERT INTO switch (id, name, ip_address, model, description, enabled, floor_id) VALUES (125, 'AC-F9-C1-VAS-04', '10.190.0.12', 'Dell N3000', 'AC Site - AC-F9-C1-VAS-04 (Floor 9)', true, 50);
INSERT INTO switch (id, name, ip_address, model, description, enabled, floor_id) VALUES (126, 'AC-F11-C1-VAS-06', '10.190.0.14', 'Dell N3000', 'AC Site - AC-F11-C1-VAS-06 (Floor 11)', true, 51);
INSERT INTO switch (id, name, ip_address, model, description, enabled, floor_id) VALUES (127, 'AC-F12-C1-VAS-07', '10.190.0.15', 'Dell N3000', 'AC Site - AC-F12-C1-VAS-07 (Floor 12)', true, 52);
INSERT INTO switch (id, name, ip_address, model, description, enabled, floor_id) VALUES (128, 'AC-F14-C1-VAS-08', '10.190.0.16', 'Dell N3000', 'AC Site - AC-F14-C1-VAS-08 (Floor 14)', true, 53);
INSERT INTO switch (id, name, ip_address, model, description, enabled, floor_id) VALUES (129, 'AC-F15-R1-VAS-01', '10.190.0.17', 'Dell N3000', 'AC Site - AC-F15-R1-VAS-01 (Floor 15)', true, 54);
INSERT INTO switch (id, name, ip_address, model, description, enabled, floor_id) VALUES (130, 'OA-F6-C1-VAS-01', '10.200.0.15', 'Dell N3000', 'OA Site - OA-F6-C1-VAS-01 (Floor 6)', true, 55);
INSERT INTO switch (id, name, ip_address, model, description, enabled, floor_id) VALUES (131, 'OA-F6-C1-VAS-02', '10.200.0.16', 'Dell N3000', 'OA Site - OA-F6-C1-VAS-02 (Floor 6)', true, 55);
INSERT INTO switch (id, name, ip_address, model, description, enabled, floor_id) VALUES (132, 'OA-F7-C1-VAS-01', '10.200.0.17', 'Dell N3000', 'OA Site - OA-F7-C1-VAS-01 (Floor 7)', true, 56);
INSERT INTO switch (id, name, ip_address, model, description, enabled, floor_id) VALUES (133, 'OA-F7-R1-VAS-02', '10.200.0.18', 'Dell N3000', 'OA Site - OA-F7-R1-VAS-02 (Floor 7)', true, 56);
INSERT INTO switch (id, name, ip_address, model, description, enabled, floor_id) VALUES (134, 'OA-F7-C1-VAS-03', '10.200.0.21', 'Dell N3000', 'OA Site - OA-F7-C1-VAS-03 (Floor 7)', true, 56);
INSERT INTO switch (id, name, ip_address, model, description, enabled, floor_id) VALUES (135, 'OA-F8-C1-VAS-01', '10.200.0.19', 'Dell N3000', 'OA Site - OA-F8-C1-VAS-01 (Floor 8)', true, 57);
INSERT INTO switch (id, name, ip_address, model, description, enabled, floor_id) VALUES (136, 'OA-F8-C1-VAS-02', '10.200.0.20', 'Dell N3000', 'OA Site - OA-F8-C1-VAS-02 (Floor 8)', true, 57);
INSERT INTO switch (id, name, ip_address, model, description, enabled, floor_id) VALUES (137, 'OA-F9-C1-VAS-01', '10.200.0.22', 'Dell N3000', 'OA Site - OA-F9-C1-VAS-01 (Floor 9)', true, 58);
INSERT INTO switch (id, name, ip_address, model, description, enabled, floor_id) VALUES (138, 'OA-F9-C2-VAS-02', '10.200.0.23', 'Dell N3000', 'OA Site - OA-F9-C2-VAS-02 (Floor 9)', true, 58);
INSERT INTO switch (id, name, ip_address, model, description, enabled, floor_id) VALUES (139, 'OA-F10-R1-AS-01', '10.200.0.24', 'Dell N3000', 'OA Site - OA-F10-R1-AS-01 (Floor 10)', true, 59);
INSERT INTO switch (id, name, ip_address, model, description, enabled, floor_id) VALUES (140, 'OA-F10-R2-AS-02', '10.200.0.25', 'Dell N3000', 'OA Site - OA-F10-R2-AS-02 (Floor 10)', true, 59);
INSERT INTO switch (id, name, ip_address, model, description, enabled, floor_id) VALUES (141, 'OA-F11-C1-AS-01', '10.200.0.26', 'Dell N3000', 'OA Site - OA-F11-C1-AS-01 (Floor 11)', true, 60);
INSERT INTO switch (id, name, ip_address, model, description, enabled, floor_id) VALUES (142, 'OA-F11-R1-AS-02', '10.200.0.27', 'Dell N3000', 'OA Site - OA-F11-R1-AS-02 (Floor 11)', true, 60);
INSERT INTO switch (id, name, ip_address, model, description, enabled, floor_id) VALUES (143, 'OAM-F4-R1-VAS-03', '10.205.0.13', 'Dell N3248', 'OAM Site - OAM-F4-R1-VAS-03 (Floor 4)', true, 61);
INSERT INTO switch (id, name, ip_address, model, description, enabled, floor_id) VALUES (144, 'OAM-F4-R2-VAS-04', '10.205.0.14', 'Dell N3248', 'OAM Site - OAM-F4-R2-VAS-04 (Floor 4)', true, 61);
INSERT INTO switch (id, name, ip_address, model, description, enabled, floor_id) VALUES (145, 'OAM-F5-C1-AS-02', '10.205.0.16', 'Dell N3248', 'OAM Site - OAM-F5-C1-AS-02 (Floor 5)', true, 62);
INSERT INTO switch (id, name, ip_address, model, description, enabled, floor_id) VALUES (146, 'OAM-F5-R1-VAS-07', '10.205.0.17', 'Dell N3248', 'OAM Site - OAM-F5-R1-VAS-07 (Floor 5)', true, 62);
INSERT INTO switch (id, name, ip_address, model, description, enabled, floor_id) VALUES (147, 'OAM-F5-R2-VAS-08', '10.205.0.18', 'Dell N3248', 'OAM Site - OAM-F5-R2-VAS-08 (Floor 5)', true, 62);
INSERT INTO switch (id, name, ip_address, model, description, enabled, floor_id) VALUES (148, 'PICA-F20-R1-VAS-04', '192.168.0.251', 'Dell N3000', 'PICA Site - PICA-F20-R1-VAS-04 (Floor 20)', true, 63);
INSERT INTO switch (id, name, ip_address, model, description, enabled, floor_id) VALUES (149, 'PICA-F20-R2-VAS-05', '192.168.0.252', 'Dell N3000', 'PICA Site - PICA-F20-R2-VAS-05 (Floor 20)', true, 63);
INSERT INTO switch (id, name, ip_address, model, description, enabled, floor_id) VALUES (150, 'PICA-F20-R3-VAS-06', '192.168.0.253', 'Dell N3000', 'PICA Site - PICA-F20-R3-VAS-06 (Floor 20)', true, 63);
INSERT INTO switch (id, name, ip_address, model, description, enabled, floor_id) VALUES (151, 'PICA-F25-R1-VAS-02', '192.168.0.246', 'Dell N2224PX', 'PICA Site - PICA-F25-R1-VAS-02 (Floor 25)', true, 64);
INSERT INTO switch (id, name, ip_address, model, description, enabled, floor_id) VALUES (152, 'PICA-F25-R1-VAS-01', '192.168.0.247', 'Dell N1548P', 'PICA Site - PICA-F25-R1-VAS-01 (Floor 25)', true, 64);
INSERT INTO switch (id, name, ip_address, model, description, enabled, floor_id) VALUES (153, 'PICA-F24-R1-VAS-02', '192.168.0.248', 'Dell N3000', 'PICA Site - PICA-F24-R1-VAS-02 (Floor 24)', true, 65);
INSERT INTO switch (id, name, ip_address, model, description, enabled, floor_id) VALUES (154, 'PICA-F24-R1OLDHUB-VAS-03', '192.168.0.250', 'Dell N3000', 'PICA Site - PICA-F24-R1OLDHUB-VAS-03 (Floor 24)', true, 65);
INSERT INTO switch (id, name, ip_address, model, description, enabled, floor_id) VALUES (155, 'PBCOM-F33-C1-AS-01', '10.65.0.10', 'Dell N3248PXE', 'PBCOM SITE - PBCOM-F33-C1-AS-01 (Floor 33)', true, 66);
INSERT INTO switch (id, name, ip_address, model, description, enabled, floor_id) VALUES (156, 'PBCOM-F33-C1-AS-02', '10.65.0.11', 'Dell N3248PXE', 'PBCOM SITE - PBCOM-F33-C1-AS-02 (Floor 33)', true, 66);
INSERT INTO switch (id, name, ip_address, model, description, enabled, floor_id) VALUES (159, 'TEST', '10.30.0.100', 'Dell N3248PXE', '1F', true, 71);
INSERT INTO switch (id, name, ip_address, model, description, enabled, floor_id) VALUES (161, 'TEST-F1-R2-VAS-01', '10.30.0.101', 'Dell N3224PXE', '1111abse', true, 74);
INSERT INTO switch (id, name, ip_address, model, description, enabled, floor_id) VALUES (162, 'TEST-F1-R2-VAS-05', '10.30.0.110', 'Dell N3224P', 'atest', true, 74);
INSERT INTO switch (id, name, ip_address, model, description, enabled, floor_id) VALUES (163, 'TEST-F1-R2-VAS-06', '10.30.0.130', 'Dell N2048', '1F', true, 74);
INSERT INTO switch (id, name, ip_address, model, description, enabled, floor_id) VALUES (166, 'TEST-F1-R2-VAS-20', '10.1.0.1', 'Dell N3248PXE', 'test', true, 75);
